[
  {
    "name": "Balu shahi",
    "ingredients": "Maida flour, yogurt, oil, sugar",
    "diet": "vegetarian",
    "prep_time": 45,
    "cook_time": 25,
    "flavor_profile": "sweet",
    "course": "dessert",
    "state": "West Bengal",
    "region": "East"
  },
  {
    "name": "Boondi",
    "ingredients": "Gram flour, ghee, sugar",
    "diet": "vegetarian",
    "prep_time": 80,
    "cook_time": 30,
    "flavor_profile": "sweet",
    "course": "dessert",
    "state": "Rajasthan",
    "region": "West"
  },
  {
    "name": "Gajar ka halwa",
    "ingredients": "Carrots, milk, sugar, ghee, cashews, raisins",
    "diet": "vegetarian",
    "prep_time": 15,
    "cook_time": 60,
    "flavor_profile": "sweet",
    "course": "dessert",
    "state": "Punjab",
    "region": "North"
  },
  {
    "name": "Ghevar",
    "ingredients": "Flour, ghee, kewra, milk, clarified butter, sugar, almonds, pistachio, saffron, green cardamom",
    "diet": "vegetarian",
    "prep_time": 15,
    "cook_time": 30,
    "flavor_profile": "sweet",
    "course": "dessert",
    "state": "Rajasthan",
    "region": "West"
  },
  {
    "name": "Gulab jamun",
    "ingredients": "Milk powder, plain flour, baking powder, ghee, milk, sugar, water, rose water",
    "diet": "vegetarian",
    "prep_time": 15,
    "cook_time": 40,
    "flavor_profile": "sweet",
    "course": "dessert",
    "state": "West Bengal",
    "region": "East"
  },
  {
    "name": "Imarti",
    "ingredients": "Sugar syrup, lentil flour",
    "diet": "vegetarian",
    "prep_time": 10,
    "cook_time": 50,
    "flavor_profile": "sweet",
    "course": "dessert",
    "state": "West Bengal",
    "region": "East"
  },
  {
    "name": "Jalebi",
    "ingredients": "Maida, corn flour, baking soda, vinegar, curd, water, turmeric, saffron, cardamom",
    "diet": "vegetarian",
    "prep_time": 10,
    "cook_time": 50,
    "flavor_profile": "sweet",
    "course": "dessert",
    "state": "Uttar Pradesh",
    "region": "North"
  },
  {
    "name": "Kaju katli",
    "ingredients": "Cashews, ghee, cardamom, sugar",
    "diet": "vegetarian",
    "prep_time": 10,
    "cook_time": 20,
    "flavor_profile": "sweet",
    "course": "dessert",
    "state": -1,
    "region": -1
  },
  {
    "name": "Kalakand",
    "ingredients": "Milk, cottage cheese, sugar",
    "diet": "vegetarian",
    "prep_time": 20,
    "cook_time": 30,
    "flavor_profile": "sweet",
    "course": "dessert",
    "state": "West Bengal",
    "region": "East"
  },
  {
    "name": "Kheer",
    "ingredients": "Milk, rice, sugar, dried fruits",
    "diet": "vegetarian",
    "prep_time": 10,
    "cook_time": 40,
    "flavor_profile": "sweet",
    "course": "dessert",
    "state": -1,
    "region": -1
  },
  {
    "name": "Laddu",
    "ingredients": "Gram flour, ghee, sugar",
    "diet": "vegetarian",
    "prep_time": 10,
    "cook_time": 40,
    "flavor_profile": "sweet",
    "course": "dessert",
    "state": -1,
    "region": -1
  },
  {
    "name": "Lassi",
    "ingredients": "Yogurt, milk, nuts, sugar",
    "diet": "vegetarian",
    "prep_time": 5,
    "cook_time": 5,
    "flavor_profile": "sweet",
    "course": "dessert",
    "state": "Punjab",
    "region": "North"
  },
  {
    "name": "Nankhatai",
    "ingredients": "Refined flour, besan, ghee, powdered sugar, yoghurt, green cardamom",
    "diet": "vegetarian",
    "prep_time": 20,
    "cook_time": 30,
    "flavor_profile": "sweet",
    "course": "dessert",
    "state": -1,
    "region": -1
  },
  {
    "name": "Petha",
    "ingredients": "Firm white pumpkin, sugar, kitchen lime, alum powder",
    "diet": "vegetarian",
    "prep_time": 10,
    "cook_time": 30,
    "flavor_profile": "sweet",
    "course": "dessert",
    "state": "Uttar Pradesh",
    "region": "North"
  },
  {
    "name": "Phirni",
    "ingredients": "Rice, sugar, nuts",
    "diet": "vegetarian",
    "prep_time": 30,
    "cook_time": 20,
    "flavor_profile": "sweet",
    "course": "dessert",
    "state": "Odisha",
    "region": "East"
  },
  {
    "name": "Rabri",
    "ingredients": "Condensed milk, sugar, spices, nuts",
    "diet": "vegetarian",
    "prep_time": 10,
    "cook_time": 45,
    "flavor_profile": "sweet",
    "course": "dessert",
    "state": "Uttar Pradesh",
    "region": "North"
  },
  {
    "name": "Sheera",
    "ingredients": "Semolina, ghee, nuts, milk",
    "diet": "vegetarian",
    "prep_time": 10,
    "cook_time": 25,
    "flavor_profile": "sweet",
    "course": "dessert",
    "state": "Maharashtra",
    "region": "West"
  },
  {
    "name": "Singori",
    "ingredients": "Khoa, coconut, molu leaf",
    "diet": "vegetarian",
    "prep_time": 10,
    "cook_time": 20,
    "flavor_profile": "sweet",
    "course": "dessert",
    "state": "Uttarakhand",
    "region": "North"
  },
  {
    "name": "Sohan halwa",
    "ingredients": "Corn flour, ghee, dry fruits",
    "diet": "vegetarian",
    "prep_time": 10,
    "cook_time": 60,
    "flavor_profile": "sweet",
    "course": "dessert",
    "state": "Uttar Pradesh",
    "region": "North"
  },
  {
    "name": "Sohan papdi",
    "ingredients": "Gram flour, ghee, sugar, milk, cardamom",
    "diet": "vegetarian",
    "prep_time": -1,
    "cook_time": 60,
    "flavor_profile": "sweet",
    "course": "dessert",
    "state": "Maharashtra",
    "region": "West"
  },
  {
    "name": "Chhena jalebi",
    "ingredients": "Chhena, sugar, ghee",
    "diet": "vegetarian",
    "prep_time": 10,
    "cook_time": 50,
    "flavor_profile": "sweet",
    "course": "dessert",
    "state": "Odisha",
    "region": "East"
  },
  {
    "name": "Chhena kheeri",
    "ingredients": "Chhena, sugar, milk",
    "diet": "vegetarian",
    "prep_time": -1,
    "cook_time": 60,
    "flavor_profile": "sweet",
    "course": "dessert",
    "state": "Odisha",
    "region": "East"
  },
  {
    "name": "Chhena poda",
    "ingredients": "Sugar, chenna cheese",
    "diet": "vegetarian",
    "prep_time": 10,
    "cook_time": 45,
    "flavor_profile": "sweet",
    "course": "dessert",
    "state": "Odisha",
    "region": "East"
  },
  {
    "name": "Cham cham",
    "ingredients": "Flour, cream, sugar, saffron, lemon juice, coconut flakes",
    "diet": "vegetarian",
    "prep_time": 40,
    "cook_time": 60,
    "flavor_profile": "sweet",
    "course": "dessert",
    "state": "West Bengal",
    "region": "East"
  },
  {
    "name": "Kheer sagar",
    "ingredients": "Chenna, condensed milk, sugar, saffron, cardamom",
    "diet": "vegetarian",
    "prep_time": 25,
    "cook_time": 60,
    "flavor_profile": "sweet",
    "course": "dessert",
    "state": "Odisha",
    "region": "East"
  },
  {
    "name": "Ledikeni",
    "ingredients": "Chhena, sugar, ghee",
    "diet": "vegetarian",
    "prep_time": 45,
    "cook_time": 45,
    "flavor_profile": "sweet",
    "course": "dessert",
    "state": "West Bengal",
    "region": "East"
  },
  {
    "name": "Lyangcha",
    "ingredients": "Flour, fried milk power, sugar syrup",
    "diet": "vegetarian",
    "prep_time": 20,
    "cook_time": 30,
    "flavor_profile": "sweet",
    "course": "dessert",
    "state": "Assam",
    "region": "North East"
  },
  {
    "name": "Malapua",
    "ingredients": "Yoghurt, refined flour, ghee, fennel seeds",
    "diet": "vegetarian",
    "prep_time": 10,
    "cook_time": 120,
    "flavor_profile": "sweet",
    "course": "dessert",
    "state": "Bihar",
    "region": "North"
  },
  {
    "name": "Mihidana",
    "ingredients": "Besan flour, sugar, ghee",
    "diet": "vegetarian",
    "prep_time": 15,
    "cook_time": 30,
    "flavor_profile": "sweet",
    "course": "dessert",
    "state": "West Bengal",
    "region": "East"
  },
  {
    "name": "Misti doi",
    "ingredients": "Milk, jaggery",
    "diet": "vegetarian",
    "prep_time": 480,
    "cook_time": 30,
    "flavor_profile": "sweet",
    "course": "dessert",
    "state": "West Bengal",
    "region": "East"
  },
  {
    "name": "Pantua",
    "ingredients": "Chhena, sugar, ghee, flour",
    "diet": "vegetarian",
    "prep_time": 45,
    "cook_time": 45,
    "flavor_profile": "sweet",
    "course": "dessert",
    "state": "West Bengal",
    "region": "East"
  },
  {
    "name": "Pithe",
    "ingredients": "Rice flour, wheat flour",
    "diet": "vegetarian",
    "prep_time": 15,
    "cook_time": 35,
    "flavor_profile": "sweet",
    "course": "dessert",
    "state": "Assam",
    "region": "North East"
  },
  {
    "name": "Rasabali",
    "ingredients": "Chenna, sweetened milk",
    "diet": "vegetarian",
    "prep_time": 15,
    "cook_time": 30,
    "flavor_profile": "sweet",
    "course": "dessert",
    "state": "Odisha",
    "region": "East"
  },
  {
    "name": "Ras malai",
    "ingredients": "Chhena, reduced milk, pistachio",
    "diet": "vegetarian",
    "prep_time": 180,
    "cook_time": 60,
    "flavor_profile": "sweet",
    "course": "dessert",
    "state": "West Bengal",
    "region": "East"
  },
  {
    "name": "Rasgulla",
    "ingredients": "Chhena, sugar, cardamom",
    "diet": "vegetarian",
    "prep_time": 10,
    "cook_time": 90,
    "flavor_profile": "sweet",
    "course": "dessert",
    "state": "West Bengal",
    "region": "East"
  },
  {
    "name": "Sandesh",
    "ingredients": "Milk, sugar, saffron, cardamom",
    "diet": "vegetarian",
    "prep_time": 30,
    "cook_time": 20,
    "flavor_profile": "sweet",
    "course": "dessert",
    "state": "West Bengal",
    "region": "East"
  },
  {
    "name": "Adhirasam",
    "ingredients": "Rice flour, jaggery, ghee, vegetable oil, elachi",
    "diet": "vegetarian",
    "prep_time": 10,
    "cook_time": 50,
    "flavor_profile": "sweet",
    "course": "dessert",
    "state": "West Bengal",
    "region": "East"
  },
  {
    "name": "Ariselu",
    "ingredients": "Rice flour, jaggery, ghee",
    "diet": "vegetarian",
    "prep_time": 15,
    "cook_time": 75,
    "flavor_profile": "sweet",
    "course": "dessert",
    "state": "Andhra Pradesh",
    "region": "South"
  },
  {
    "name": "Bandar laddu",
    "ingredients": "Besan, jaggery, cardamom powder, ghee, cashews and raisins, jaggery syrup, sugar",
    "diet": "vegetarian",
    "prep_time": 5,
    "cook_time": 35,
    "flavor_profile": "sweet",
    "course": "dessert",
    "state": "Andhra Pradesh",
    "region": "South"
  },
  {
    "name": "Chikki",
    "ingredients": "Peanuts, jaggery",
    "diet": "vegetarian",
    "prep_time": 10,
    "cook_time": 20,
    "flavor_profile": "sweet",
    "course": "dessert",
    "state": "Maharashtra",
    "region": "West"
  },
  {
    "name": "Dharwad pedha",
    "ingredients": "Milk, Sugar, Dharwadi buffalo milk",
    "diet": "vegetarian",
    "prep_time": 20,
    "cook_time": 60,
    "flavor_profile": "sweet",
    "course": "dessert",
    "state": "Karnataka",
    "region": "South"
  },
  {
    "name": "Double ka meetha",
    "ingredients": "Loaf bread, milk",
    "diet": "vegetarian",
    "prep_time": 20,
    "cook_time": 30,
    "flavor_profile": "sweet",
    "course": "dessert",
    "state": "Telangana",
    "region": "South"
  },
  {
    "name": "Gavvalu",
    "ingredients": "Rice flour, sugar, salt, ghee, semolina",
    "diet": "vegetarian",
    "prep_time": 10,
    "cook_time": 30,
    "flavor_profile": "sweet",
    "course": "dessert",
    "state": "Andhra Pradesh",
    "region": "South"
  },
  {
    "name": "Kakinada khaja",
    "ingredients": "Wheat flour, sugar",
    "diet": "vegetarian",
    "prep_time": 10,
    "cook_time": 30,
    "flavor_profile": "sweet",
    "course": "dessert",
    "state": "Andhra Pradesh",
    "region": "South"
  },
  {
    "name": "Kuzhi paniyaram",
    "ingredients": "Black lentils, rice",
    "diet": "vegetarian",
    "prep_time": 10,
    "cook_time": 20,
    "flavor_profile": "sweet",
    "course": "dessert",
    "state": "Kerala",
    "region": "South"
  },
  {
    "name": "Mysore pak",
    "ingredients": "Besan flour, semolina, mung bean, jaggery, coconut, skimmed milk powder, sugar, ghee",
    "diet": "vegetarian",
    "prep_time": 5,
    "cook_time": 20,
    "flavor_profile": "sweet",
    "course": "dessert",
    "state": "Karnataka",
    "region": "South"
  },
  {
    "name": "Obbattu holige",
    "ingredients": "Maida flour, turmeric, coconut, chickpeas, jaggery, ghee, cardamom",
    "diet": "vegetarian",
    "prep_time": 180,
    "cook_time": 60,
    "flavor_profile": "sweet",
    "course": "main course",
    "state": "Karnataka",
    "region": "South"
  },
  {
    "name": "Palathalikalu",
    "ingredients": "Rice flour, milk",
    "diet": "vegetarian",
    "prep_time": 10,
    "cook_time": 25,
    "flavor_profile": "sweet",
    "course": "dessert",
    "state": "Andhra Pradesh",
    "region": "South"
  },
  {
    "name": "Poornalu",
    "ingredients": "Chana dal, jaggery",
    "diet": "vegetarian",
    "prep_time": 240,
    "cook_time": 60,
    "flavor_profile": "sweet",
    "course": "dessert",
    "state": "Andhra Pradesh",
    "region": "South"
  },
  {
    "name": "Pongal",
    "ingredients": "Rice, jaggery, cashews, ghee",
    "diet": "vegetarian",
    "prep_time": 5,
    "cook_time": 20,
    "flavor_profile": "sweet",
    "course": "dessert",
    "state": "Tamil Nadu",
    "region": "South"
  },
  {
    "name": "Pootharekulu",
    "ingredients": "Rice flour, powdered sugar, ghee",
    "diet": "vegetarian",
    "prep_time": 10,
    "cook_time": 60,
    "flavor_profile": "sweet",
    "course": "dessert",
    "state": "Andhra Pradesh",
    "region": "South"
  },
  {
    "name": "Qubani ka meetha",
    "ingredients": "Apricots, sugar syrup",
    "diet": "vegetarian",
    "prep_time": 10,
    "cook_time": 20,
    "flavor_profile": "sweet",
    "course": "dessert",
    "state": "Telangana",
    "region": "South"
  },
  {
    "name": "Sheer korma",
    "ingredients": "Vermicelli pudding, milk",
    "diet": "vegetarian",
    "prep_time": 10,
    "cook_time": 20,
    "flavor_profile": "sweet",
    "course": "dessert",
    "state": "Telangana",
    "region": "South"
  },
  {
    "name": "Unni Appam",
    "ingredients": "Rice flour, banana, jaggery, coconut",
    "diet": "vegetarian",
    "prep_time": 10,
    "cook_time": 20,
    "flavor_profile": "sweet",
    "course": "dessert",
    "state": "Tamil Nadu",
    "region": "South"
  },
  {
    "name": "Kajjikaya",
    "ingredients": "Rice flour, jaggery, coconut",
    "diet": "vegetarian",
    "prep_time": 40,
    "cook_time": 15,
    "flavor_profile": "sweet",
    "course": "dessert",
    "state": "Andhra Pradesh",
    "region": "South"
  },
  {
    "name": "Anarsa",
    "ingredients": "Rice flour, jaggery, khus-khus seeds",
    "diet": "vegetarian",
    "prep_time": 10,
    "cook_time": 50,
    "flavor_profile": "sweet",
    "course": "dessert",
    "state": "Maharashtra",
    "region": "West"
  },
  {
    "name": "Basundi",
    "ingredients": "Sugar, milk, nuts",
    "diet": "vegetarian",
    "prep_time": 10,
    "cook_time": 35,
    "flavor_profile": "sweet",
    "course": "dessert",
    "state": "Gujarat",
    "region": "West"
  },
  {
    "name": "Dhondas",
    "ingredients": "Cucumber, rava",
    "diet": "vegetarian",
    "prep_time": 10,
    "cook_time": 50,
    "flavor_profile": "sweet",
    "course": "dessert",
    "state": "Maharashtra",
    "region": "West"
  },
  {
    "name": "Doodhpak",
    "ingredients": "Milk, rice, sugar, dry fruits",
    "diet": "vegetarian",
    "prep_time": 10,
    "cook_time": 60,
    "flavor_profile": "sweet",
    "course": "dessert",
    "state": "Gujarat",
    "region": "West"
  },
  {
    "name": "Mahim halwa",
    "ingredients": "Semolina, sugar",
    "diet": "vegetarian",
    "prep_time": 10,
    "cook_time": 25,
    "flavor_profile": "sweet",
    "course": "dessert",
    "state": "Maharashtra",
    "region": "West"
  },
  {
    "name": "Modak",
    "ingredients": "Rice flour, coconut, jaggery",
    "diet": "vegetarian",
    "prep_time": 10,
    "cook_time": 15,
    "flavor_profile": "sweet",
    "course": "dessert",
    "state": "Maharashtra",
    "region": "West"
  },
  {
    "name": "Shankarpali",
    "ingredients": "Sugar, ghee, maida flour, semolina",
    "diet": "vegetarian",
    "prep_time": 10,
    "cook_time": 35,
    "flavor_profile": "sweet",
    "course": "dessert",
    "state": "Maharashtra",
    "region": "West"
  },
  {
    "name": "Shrikhand",
    "ingredients": "Curd, sugar, saffron, cardamom",
    "diet": "vegetarian",
    "prep_time": 10,
    "cook_time": 720,
    "flavor_profile": "sweet",
    "course": "dessert",
    "state": "Maharashtra",
    "region": "West"
  },
  {
    "name": "Sutar feni",
    "ingredients": "Maida, sugar, ghee",
    "diet": "vegetarian",
    "prep_time": 15,
    "cook_time": 55,
    "flavor_profile": "sweet",
    "course": "dessert",
    "state": "Maharashtra",
    "region": "West"
  },
  {
    "name": "Maach Jhol",
    "ingredients": "Fish, potol, tomato, chillies, ginger, garlic",
    "diet": "non vegetarian",
    "prep_time": 10,
    "cook_time": 40,
    "flavor_profile": "spicy",
    "course": "main course",
    "state": "Assam",
    "region": "North East"
  },
  {
    "name": "Pork Bharta",
    "ingredients": "Boiled pork, onions, chillies, ginger and garlic",
    "diet": "non vegetarian",
    "prep_time": -1,
    "cook_time": -1,
    "flavor_profile": "spicy",
    "course": "main course",
    "state": "Tripura",
    "region": "North East"
  },
  {
    "name": "Chak Hao Kheer",
    "ingredients": "Rice, milk, sugar, cardamom",
    "diet": "vegetarian",
    "prep_time": 240,
    "cook_time": 45,
    "flavor_profile": "sweet",
    "course": "dessert",
    "state": "Manipur",
    "region": "North East"
  },
  {
    "name": "Galho",
    "ingredients": "Rice, axone, salt, water, chillies, pork",
    "diet": "non vegetarian",
    "prep_time": 5,
    "cook_time": 15,
    "flavor_profile": "spicy",
    "course": "main course",
    "state": "Nagaland",
    "region": "North East"
  },
  {
    "name": "Aloo gobi",
    "ingredients": "Cauliflower, potato, garam masala, turmeric, curry leaves",
    "diet": "vegetarian",
    "prep_time": 10,
    "cook_time": 20,
    "flavor_profile": "spicy",
    "course": "main course",
    "state": "Punjab",
    "region": "North"
  },
  {
    "name": "Aloo tikki",
    "ingredients": "Rice flour, potato, bread crumbs, garam masala, salt",
    "diet": "vegetarian",
    "prep_time": 5,
    "cook_time": 20,
    "flavor_profile": "spicy",
    "course": "main course",
    "state": "Punjab",
    "region": "North"
  },
  {
    "name": "Aloo matar",
    "ingredients": "Potato, peas, chillies, ginger, garam masala, garlic",
    "diet": "vegetarian",
    "prep_time": 5,
    "cook_time": 40,
    "flavor_profile": "spicy",
    "course": "main course",
    "state": "Punjab",
    "region": "North"
  },
  {
    "name": "Aloo methi",
    "ingredients": "Potato, fenugreek leaves, chillies, salt, oil",
    "diet": "vegetarian",
    "prep_time": 10,
    "cook_time": 40,
    "flavor_profile": "bitter",
    "course": "main course",
    "state": "Punjab",
    "region": "North"
  },
  {
    "name": "Aloo shimla mirch",
    "ingredients": "Potato, shimla mirch, garam masala, amchur powder, salt",
    "diet": "vegetarian",
    "prep_time": 10,
    "cook_time": 40,
    "flavor_profile": "spicy",
    "course": "main course",
    "state": "Punjab",
    "region": "North"
  },
  {
    "name": "Bhatura",
    "ingredients": "Chole, rava, yogurt, plain flour, baking soda",
    "diet": "vegetarian",
    "prep_time": 20,
    "cook_time": 20,
    "flavor_profile": "spicy",
    "course": "main course",
    "state": "Punjab",
    "region": "North"
  },
  {
    "name": "Bhindi masala",
    "ingredients": "Ladies finger, garam masala, kasuri methi, tomatoes, chili powder",
    "diet": "vegetarian",
    "prep_time": 20,
    "cook_time": 30,
    "flavor_profile": "spicy",
    "course": "main course",
    "state": "Punjab",
    "region": "North"
  },
  {
    "name": "Biryani",
    "ingredients": "Chicken thighs, basmati rice, star anise, sweet, green chillies",
    "diet": "non vegetarian",
    "prep_time": 30,
    "cook_time": 120,
    "flavor_profile": "spicy",
    "course": "main course",
    "state": "Telangana",
    "region": "South"
  },
  {
    "name": "Butter chicken",
    "ingredients": "Chicken, greek yogurt, cream, garam masala powder, cashew nuts, butter",
    "diet": "non vegetarian",
    "prep_time": 10,
    "cook_time": 35,
    "flavor_profile": "spicy",
    "course": "main course",
    "state": "NCT of Delhi",
    "region": "North"
  },
  {
    "name": "Chana masala",
    "ingredients": "Chickpeas, tomato paste, garam masala, ginger, red onion, avocado oil",
    "diet": "vegetarian",
    "prep_time": 20,
    "cook_time": 30,
    "flavor_profile": "spicy",
    "course": "main course",
    "state": "Punjab",
    "region": "North"
  },
  {
    "name": "Chapati",
    "ingredients": "Whole wheat flour, olive oil, hot water, all purpose flour",
    "diet": "vegetarian",
    "prep_time": 10,
    "cook_time": 10,
    "flavor_profile": -1,
    "course": "main course",
    "state": "Maharashtra",
    "region": "West"
  },
  {
    "name": "Chicken razala",
    "ingredients": "Chicken, dahi, sesame seeds, garam masala powder, cashew nuts, saffron",
    "diet": "non vegetarian",
    "prep_time": 10,
    "cook_time": 35,
    "flavor_profile": "spicy",
    "course": "main course",
    "state": "West Bengal",
    "region": "East"
  },
  {
    "name": "Chicken Tikka masala",
    "ingredients": "Naan bread, tomato sauce, skinless chicken breasts, heavy cream, garam masala",
    "diet": "non vegetarian",
    "prep_time": 10,
    "cook_time": 50,
    "flavor_profile": "spicy",
    "course": "main course",
    "state": "Punjab",
    "region": "North"
  },
  {
    "name": "Chicken Tikka",
    "ingredients": "Chicken, whole wheat bread, rice flour, garam masala powder, whole egg",
    "diet": "non vegetarian",
    "prep_time": 120,
    "cook_time": 45,
    "flavor_profile": "spicy",
    "course": "starter",
    "state": "Punjab",
    "region": "North"
  },
  {
    "name": "Chole bhature",
    "ingredients": "Chole, bhatura, garam masala, bay leaf, cinnamon stick",
    "diet": "vegetarian",
    "prep_time": 20,
    "cook_time": 30,
    "flavor_profile": "spicy",
    "course": "main course",
    "state": "Punjab",
    "region": "North"
  },
  {
    "name": "Daal baati churma",
    "ingredients": "Moong dal, masoor dal, chana dal, wheat flour, almond",
    "diet": "vegetarian",
    "prep_time": 10,
    "cook_time": 90,
    "flavor_profile": "spicy",
    "course": "main course",
    "state": "Rajasthan",
    "region": "West"
  },
  {
    "name": "Daal puri",
    "ingredients": "Moong dal, garam masala powder, garlic, green chilli, all purpose flour",
    "diet": "vegetarian",
    "prep_time": 30,
    "cook_time": 30,
    "flavor_profile": "spicy",
    "course": "main course",
    "state": "West Bengal",
    "region": "East"
  },
  {
    "name": "Dal makhani",
    "ingredients": "Red kidney beans, urad dal, cream, garam masala, chili powder",
    "diet": "vegetarian",
    "prep_time": 10,
    "cook_time": 60,
    "flavor_profile": "sweet",
    "course": "main course",
    "state": "Punjab",
    "region": "North"
  },
  {
    "name": "Dal tadka",
    "ingredients": "Pigeon peas, garam masala, ginger, red onion, kasuri methi",
    "diet": "vegetarian",
    "prep_time": 10,
    "cook_time": 30,
    "flavor_profile": "spicy",
    "course": "main course",
    "state": "Punjab",
    "region": "North"
  },
  {
    "name": "Dum aloo",
    "ingredients": "Baby potatoes, garam masala, cashew nuts, kasuri methi, tomatoes",
    "diet": "vegetarian",
    "prep_time": 20,
    "cook_time": 50,
    "flavor_profile": "spicy",
    "course": "main course",
    "state": "Jammu & Kashmir",
    "region": "North"
  },
  {
    "name": "Poha",
    "ingredients": "Beaten rice flakes, potato, curry leaves, green chilies, lemon juice",
    "diet": "vegetarian",
    "prep_time": 20,
    "cook_time": 30,
    "flavor_profile": "spicy",
    "course": "snack",
    "state": "Maharashtra",
    "region": "West"
  },
  {
    "name": "Fara",
    "ingredients": "Chana dal, whole wheat flour, arhar dal, white urad dal, garam masala powder",
    "diet": "vegetarian",
    "prep_time": 10,
    "cook_time": 60,
    "flavor_profile": "spicy",
    "course": "snack",
    "state": "Chhattisgarh",
    "region": "Central"
  },
  {
    "name": "Kachori",
    "ingredients": "Moong dal, rava, garam masala, dough, fennel seeds",
    "diet": "vegetarian",
    "prep_time": 30,
    "cook_time": 60,
    "flavor_profile": "spicy",
    "course": "snack",
    "state": "Uttar Pradesh",
    "region": "North"
  },
  {
    "name": "Kadai paneer",
    "ingredients": "Cottage cheese, bell peppers, gravy, garam masala, cashew nuts",
    "diet": "vegetarian",
    "prep_time": 20,
    "cook_time": 30,
    "flavor_profile": "spicy",
    "course": "main course",
    "state": "Punjab",
    "region": "North"
  },
  {
    "name": "Kadhi pakoda",
    "ingredients": "Besan, garam masala powder, gram flour, ginger, curry leaves",
    "diet": "vegetarian",
    "prep_time": 10,
    "cook_time": 60,
    "flavor_profile": "spicy",
    "course": "main course",
    "state": "Haryana",
    "region": "North"
  },
  {
    "name": "Karela bharta",
    "ingredients": "Bitter gourd, fennel, garam masala powder, chili powder, amchur powder",
    "diet": "vegetarian",
    "prep_time": 20,
    "cook_time": 50,
    "flavor_profile": "bitter",
    "course": "main course",
    "state": "Punjab",
    "region": "North"
  },
  {
    "name": "Khichdi",
    "ingredients": "Moong dal, green peas, ginger, tomato, green chili",
    "diet": "vegetarian",
    "prep_time": 40,
    "cook_time": 20,
    "flavor_profile": "spicy",
    "course": "main course",
    "state": -1,
    "region": -1
  },
  {
    "name": "Kofta",
    "ingredients": "Paneer, potato, cream, corn flour, garam masala",
    "diet": "vegetarian",
    "prep_time": 20,
    "cook_time": 40,
    "flavor_profile": "spicy",
    "course": "main course",
    "state": "Uttar Pradesh",
    "region": "North"
  },
  {
    "name": "Kulfi falooda",
    "ingredients": "Rose syrup, falooda sev, mixed nuts, saffron, sugar",
    "diet": "vegetarian",
    "prep_time": 45,
    "cook_time": 25,
    "flavor_profile": "sweet",
    "course": "dessert",
    "state": -1,
    "region": -1
  },
  {
    "name": "Lauki ke kofte",
    "ingredients": "Bottle gourd, garam masala powder, gram flour, ginger, chillies",
    "diet": "vegetarian",
    "prep_time": 20,
    "cook_time": 40,
    "flavor_profile": "spicy",
    "course": "main course",
    "state": "Uttar Pradesh",
    "region": "North"
  },
  {
    "name": "Lauki ki subji",
    "ingredients": "Bottle gourd, coconut oil, garam masala, ginger, green chillies",
    "diet": "vegetarian",
    "prep_time": 10,
    "cook_time": 20,
    "flavor_profile": "spicy",
    "course": "main course",
    "state": -1,
    "region": -1
  },
  {
    "name": "Litti chokha",
    "ingredients": "Wheat flour, roasted gram flour, tomato, nigella seeds, chilli",
    "diet": "vegetarian",
    "prep_time": 45,
    "cook_time": 60,
    "flavor_profile": "spicy",
    "course": "main course",
    "state": "Bihar",
    "region": "North"
  },
  {
    "name": "Makki di roti sarson da saag",
    "ingredients": "Palak, makki atta, mustard green, garam masala, ginger",
    "diet": "vegetarian",
    "prep_time": 25,
    "cook_time": 30,
    "flavor_profile": "spicy",
    "course": "main course",
    "state": "Punjab",
    "region": "North"
  },
  {
    "name": "Misi roti",
    "ingredients": "Whole wheat flour, chickpea flour, green chilies",
    "diet": "vegetarian",
    "prep_time": 30,
    "cook_time": 30,
    "flavor_profile": "spicy",
    "course": "main course",
    "state": "Punjab",
    "region": "North"
  },
  {
    "name": "Mushroom do pyaza",
    "ingredients": "Mushroom, malai, garam masala, ginger, capsicum",
    "diet": "vegetarian",
    "prep_time": 10,
    "cook_time": 30,
    "flavor_profile": "spicy",
    "course": "main course",
    "state": "Punjab",
    "region": "North"
  },
  {
    "name": "Mushroom matar",
    "ingredients": "Canned coconut milk, frozen green peas, wild mushrooms, garam masala, tomatoes",
    "diet": "vegetarian",
    "prep_time": 10,
    "cook_time": 30,
    "flavor_profile": "spicy",
    "course": "main course",
    "state": "Punjab",
    "region": "North"
  },
  {
    "name": "Naan",
    "ingredients": "Whole wheat flour, honey, butter, garlic",
    "diet": "vegetarian",
    "prep_time": 60,
    "cook_time": 30,
    "flavor_profile": -1,
    "course": "main course",
    "state": "Punjab",
    "region": "North"
  },
  {
    "name": "Navrattan korma",
    "ingredients": "Green beans, potatoes, khus khus, low fat, garam masala powder",
    "diet": "vegetarian",
    "prep_time": 25,
    "cook_time": 40,
    "flavor_profile": "spicy",
    "course": "main course",
    "state": "Uttar Pradesh",
    "region": "North"
  },
  {
    "name": "Palak paneer",
    "ingredients": "Cottage cheese, palak, cream, garam masala, butter",
    "diet": "vegetarian",
    "prep_time": 20,
    "cook_time": 40,
    "flavor_profile": "spicy",
    "course": "main course",
    "state": "Punjab",
    "region": "North"
  },
  {
    "name": "Paneer butter masala",
    "ingredients": "Paneer, whipping cream, garam masala, cashew nuts, butter",
    "diet": "vegetarian",
    "prep_time": 20,
    "cook_time": 40,
    "flavor_profile": "spicy",
    "course": "main course",
    "state": "Punjab",
    "region": "North"
  },
  {
    "name": "Paneer tikka masala",
    "ingredients": "Paneer, greek yogurt, tandoori masala, cream, bell pepper",
    "diet": "vegetarian",
    "prep_time": 20,
    "cook_time": 40,
    "flavor_profile": "spicy",
    "course": "main course",
    "state": "Punjab",
    "region": "North"
  },
  {
    "name": "Pani puri",
    "ingredients": "Kala chana, mashed potato, boondi, sev, lemon",
    "diet": "vegetarian",
    "prep_time": 15,
    "cook_time": 2,
    "flavor_profile": "spicy",
    "course": "snack",
    "state": -1,
    "region": -1
  },
  {
    "name": "Panjeeri",
    "ingredients": "Whole wheat flour, musk melon seeds, poppy seeds, edible gum, semolina",
    "diet": "vegetarian",
    "prep_time": 10,
    "cook_time": 25,
    "flavor_profile": "sweet",
    "course": "dessert",
    "state": "Uttar Pradesh",
    "region": ""
  },
  {
    "name": "Papad",
    "ingredients": "Urad dal, sev, lemon juice, chopped tomatoes",
    "diet": "vegetarian",
    "prep_time": 5,
    "cook_time": 5,
    "flavor_profile": "spicy",
    "course": "snack",
    "state": -1,
    "region": -1
  },
  {
    "name": "Paratha",
    "ingredients": "Wheat flour, butter, potato, coriander",
    "diet": "vegetarian",
    "prep_time": 15,
    "cook_time": 45,
    "flavor_profile": "spicy",
    "course": "main course",
    "state": "Punjab",
    "region": "North"
  },
  {
    "name": "Pattor",
    "ingredients": "Arbi ke patte, sesame seeds, gur, bengal gram flour, imli",
    "diet": "vegetarian",
    "prep_time": 10,
    "cook_time": 30,
    "flavor_profile": "spicy",
    "course": "main course",
    "state": "Rajasthan",
    "region": "West"
  },
  {
    "name": "Pindi chana",
    "ingredients": "Fennel, tea bags, tomato, kasuri methi, cinnamon",
    "diet": "vegetarian",
    "prep_time": 500,
    "cook_time": 120,
    "flavor_profile": "spicy",
    "course": "main course",
    "state": "Punjab",
    "region": "North"
  },
  {
    "name": "Rajma chaval",
    "ingredients": "Red kidney beans, garam masala powder, ginger, tomato, mustard oil",
    "diet": "vegetarian",
    "prep_time": 15,
    "cook_time": 90,
    "flavor_profile": "spicy",
    "course": "main course",
    "state": -1,
    "region": "North"
  },
  {
    "name": "Rongi",
    "ingredients": "Garam masala powder, tomato, kasuri methi, cinnamon, mustard oil",
    "diet": "vegetarian",
    "prep_time": 10,
    "cook_time": 30,
    "flavor_profile": -1,
    "course": "main course",
    "state": "Punjab",
    "region": "North"
  },
  {
    "name": "Samosa",
    "ingredients": "Potatoes, green peas, garam masala, ginger, dough",
    "diet": "vegetarian",
    "prep_time": 30,
    "cook_time": 30,
    "flavor_profile": "spicy",
    "course": "snack",
    "state": -1,
    "region": -1
  },
  {
    "name": "Sattu ki roti",
    "ingredients": "Sattu, atta, dough, filling, mustard oil",
    "diet": "vegetarian",
    "prep_time": 10,
    "cook_time": 20,
    "flavor_profile": "spicy",
    "course": "main course",
    "state": "Bihar",
    "region": "North"
  },
  {
    "name": "Shahi paneer",
    "ingredients": "Cottage cheese, malai, garam masala, ginger, tomato",
    "diet": "vegetarian",
    "prep_time": 20,
    "cook_time": 40,
    "flavor_profile": "spicy",
    "course": "main course",
    "state": "Punjab",
    "region": "North"
  },
  {
    "name": "Shahi tukra",
    "ingredients": "Rose water, milk, white bread slices, saffron, almonds",
    "diet": "vegetarian",
    "prep_time": 10,
    "cook_time": 30,
    "flavor_profile": "sweet",
    "course": "dessert",
    "state": "Telangana",
    "region": "South"
  },
  {
    "name": "Vegetable jalfrezi",
    "ingredients": "Baby corn, french beans, garam masala, ginger, carrot",
    "diet": "vegetarian",
    "prep_time": 10,
    "cook_time": 30,
    "flavor_profile": "spicy",
    "course": "main course",
    "state": "Punjab",
    "region": "North"
  },
  {
    "name": "Tandoori Chicken",
    "ingredients": "Greek yogurt, garam masala, kasuri methi, marinade, mustard oil",
    "diet": "non vegetarian",
    "prep_time": 240,
    "cook_time": 30,
    "flavor_profile": "spicy",
    "course": "main course",
    "state": "Punjab",
    "region": "North"
  },
  {
    "name": "Tandoori Fish Tikka",
    "ingredients": "Chickpea flour, biryani masala powder, yogurt, fish fillets, green bell pepper",
    "diet": "non vegetarian",
    "prep_time": 240,
    "cook_time": 30,
    "flavor_profile": "spicy",
    "course": "starter",
    "state": "Punjab",
    "region": "North"
  },
  {
    "name": "Attu",
    "ingredients": "Whole wheat flour, arhar dal, ginger, kala jeera, green chilli",
    "diet": "vegetarian",
    "prep_time": 150,
    "cook_time": 25,
    "flavor_profile": "spicy",
    "course": "snack",
    "state": "Andhra Pradesh",
    "region": "South"
  },
  {
    "name": "Avial",
    "ingredients": "Raw banana, elephant foot yam, long beans, tindora, urad dal",
    "diet": "vegetarian",
    "prep_time": 30,
    "cook_time": 45,
    "flavor_profile": "spicy",
    "course": "main course",
    "state": "Kerala",
    "region": "South"
  },
  {
    "name": "Bisi bele bath",
    "ingredients": "Split pigeon peas, chana dal, urad dal, green peas, french beans",
    "diet": "vegetarian",
    "prep_time": 30,
    "cook_time": 45,
    "flavor_profile": "spicy",
    "course": "main course",
    "state": "Karnataka",
    "region": "South"
  },
  {
    "name": "Currivepillai sadam",
    "ingredients": "Chana dal, urad dal, fresh coconut, sesame seeds, curry leaves",
    "diet": "vegetarian",
    "prep_time": 10,
    "cook_time": 20,
    "flavor_profile": "spicy",
    "course": "main course",
    "state": "Tamil Nadu",
    "region": "South"
  },
  {
    "name": "Dosa",
    "ingredients": "Chana dal, urad dal, whole urad dal, blend rice, rock salt",
    "diet": "vegetarian",
    "prep_time": 360,
    "cook_time": 90,
    "flavor_profile": "spicy",
    "course": "snack",
    "state": -1,
    "region": "South"
  },
  {
    "name": "Idiappam",
    "ingredients": "Rice flour, hot water, grated coconut",
    "diet": "vegetarian",
    "prep_time": 120,
    "cook_time": 30,
    "flavor_profile": "spicy",
    "course": "snack",
    "state": "Tamil Nadu",
    "region": "South"
  },
  {
    "name": "Idli",
    "ingredients": "Split urad dal, urad dal, idli rice, thick poha, rock salt",
    "diet": "vegetarian",
    "prep_time": 360,
    "cook_time": 90,
    "flavor_profile": "spicy",
    "course": "snack",
    "state": -1,
    "region": "South"
  },
  {
    "name": "Kanji",
    "ingredients": "Carrot, yellow mustard, red chilli, black salt",
    "diet": "vegetarian",
    "prep_time": 10,
    "cook_time": 45,
    "flavor_profile": -1,
    "course": "snack",
    "state": "Kerala",
    "region": "South"
  },
  {
    "name": "Kaara kozhambu",
    "ingredients": "Sesame oil, drumstick, tamarind paste, sambar powder, tomato",
    "diet": "vegetarian",
    "prep_time": -1,
    "cook_time": -1,
    "flavor_profile": "spicy",
    "course": "main course",
    "state": "Tamil Nadu",
    "region": "South"
  },
  {
    "name": "Keerai kootu",
    "ingredients": "Moong dal, chana dal, spinach, urad dal, coconut oil",
    "diet": "vegetarian",
    "prep_time": 20,
    "cook_time": 30,
    "flavor_profile": "spicy",
    "course": "main course",
    "state": "Tamil Nadu",
    "region": "South"
  },
  {
    "name": "Keerai masiyal",
    "ingredients": "Urad dal, curry leaves, sugar, mustard seeds, spinach",
    "diet": "vegetarian",
    "prep_time": -1,
    "cook_time": -1,
    "flavor_profile": "spicy",
    "course": "main course",
    "state": "Tamil Nadu",
    "region": "South"
  },
  {
    "name": "Keerai sadam",
    "ingredients": "Greens, tomato, mustard seeds, fenugreek seeds",
    "diet": "vegetarian",
    "prep_time": 10,
    "cook_time": 20,
    "flavor_profile": "spicy",
    "course": "main course",
    "state": "Tamil Nadu",
    "region": "South"
  },
  {
    "name": "Keerai poriyal",
    "ingredients": "Amaranth leaves, split urad dal, mustard seeds, grated coconut, red chili",
    "diet": "vegetarian",
    "prep_time": 20,
    "cook_time": 30,
    "flavor_profile": "spicy",
    "course": "main course",
    "state": "Tamil Nadu",
    "region": "South"
  },
  {
    "name": "Beef Fry",
    "ingredients": "Beef, coconut, garam masala, curry leaves, green chilies, chili powder",
    "diet": "non vegetarian",
    "prep_time": 10,
    "cook_time": 60,
    "flavor_profile": "spicy",
    "course": "main course",
    "state": "Kerala",
    "region": "South"
  },
  {
    "name": "Kootu",
    "ingredients": "Chana dal, urad dal, potato, beans, peas",
    "diet": "vegetarian",
    "prep_time": 10,
    "cook_time": 15,
    "flavor_profile": "spicy",
    "course": "main course",
    "state": "Tamil Nadu",
    "region": "South"
  },
  {
    "name": "Kos kootu",
    "ingredients": "Moong dal, chana dal, cabbage, tamarind, curry leaves",
    "diet": "vegetarian",
    "prep_time": 10,
    "cook_time": 20,
    "flavor_profile": "spicy",
    "course": "main course",
    "state": "Tamil Nadu",
    "region": "South"
  },
  {
    "name": "Koshambri",
    "ingredients": "Moong dal, cucumber, curry leaves, green chili, lemon juice",
    "diet": "vegetarian",
    "prep_time": 10,
    "cook_time": 20,
    "flavor_profile": "spicy",
    "course": "main course",
    "state": "Karnataka",
    "region": "South"
  },
  {
    "name": "Kothamali sadam",
    "ingredients": "Chana dal, urad dal, gooseberry, raw rice, curry leaves",
    "diet": "vegetarian",
    "prep_time": 10,
    "cook_time": 20,
    "flavor_profile": "spicy",
    "course": "main course",
    "state": "Tamil Nadu",
    "region": "South"
  },
  {
    "name": "Kuzhakkattai",
    "ingredients": "Sesame oil, raw rice, jaggery, grated coconut",
    "diet": "vegetarian",
    "prep_time": 10,
    "cook_time": 90,
    "flavor_profile": "spicy",
    "course": "main course",
    "state": "Tamil Nadu",
    "region": "South"
  },
  {
    "name": "Kuzhambu",
    "ingredients": "Pearl onions, urad dal, drumsticks, tomato, curry leaves",
    "diet": "vegetarian",
    "prep_time": 5,
    "cook_time": 30,
    "flavor_profile": "spicy",
    "course": "main course",
    "state": "Tamil Nadu",
    "region": "South"
  },
  {
    "name": "Masala Dosa",
    "ingredients": "Chana dal, urad dal, potatoes, idli rice, thick poha",
    "diet": "vegetarian",
    "prep_time": 360,
    "cook_time": 90,
    "flavor_profile": "spicy",
    "course": "snack",
    "state": -1,
    "region": "South"
  },
  {
    "name": "Pachadi",
    "ingredients": "Coconut oil, cucumber, curd, curry leaves, mustard seeds",
    "diet": "vegetarian",
    "prep_time": 10,
    "cook_time": 25,
    "flavor_profile": -1,
    "course": "main course",
    "state": -1,
    "region": "South"
  },
  {
    "name": "Paniyaram",
    "ingredients": "Yogurt, ginger, curry leaves, baking soda, green chilli",
    "diet": "vegetarian",
    "prep_time": 10,
    "cook_time": 20,
    "flavor_profile": -1,
    "course": "main course",
    "state": "Tamil Nadu",
    "region": "South"
  },
  {
    "name": "Papadum",
    "ingredients": "Lentils, black pepper, vegetable oil",
    "diet": "vegetarian",
    "prep_time": 5,
    "cook_time": 5,
    "flavor_profile": "spicy",
    "course": "snack",
    "state": "Kerala",
    "region": "South"
  },
  {
    "name": "Paravannam",
    "ingredients": "Raw rice,  jaggery, milk",
    "diet": "vegetarian",
    "prep_time": -1,
    "cook_time": -1,
    "flavor_profile": "spicy",
    "course": "main course",
    "state": "Kerala",
    "region": "South"
  },
  {
    "name": "Payasam",
    "ingredients": "Rice, cashew nuts, milk, raisins, sugar",
    "diet": "vegetarian",
    "prep_time": 15,
    "cook_time": 30,
    "flavor_profile": "sweet",
    "course": "dessert",
    "state": -1,
    "region": "South"
  },
  {
    "name": "Paruppu sadam",
    "ingredients": "Arhar dal, sambar powder, tomato, curry leaves, fennel seeds",
    "diet": "vegetarian",
    "prep_time": 10,
    "cook_time": 20,
    "flavor_profile": -1,
    "course": "main course",
    "state": "Tamil Nadu",
    "region": "South"
  },
  {
    "name": "Pesarattu",
    "ingredients": "Green moong beans, rice flour",
    "diet": "vegetarian",
    "prep_time": 120,
    "cook_time": 20,
    "flavor_profile": "spicy",
    "course": "snack",
    "state": "Andhra Pradesh",
    "region": "South"
  },
  {
    "name": "Poriyal",
    "ingredients": "Chana dal, urad dal, beans, coconut, mustard",
    "diet": "vegetarian",
    "prep_time": -1,
    "cook_time": -1,
    "flavor_profile": "spicy",
    "course": "main course",
    "state": "Tamil Nadu",
    "region": "South"
  },
  {
    "name": "Puli sadam",
    "ingredients": "Urad dal, lemon, tamarind, cooked rice, curry leaves",
    "diet": "vegetarian",
    "prep_time": 10,
    "cook_time": 20,
    "flavor_profile": -1,
    "course": "main course",
    "state": "Tamil Nadu",
    "region": "South"
  },
  {
    "name": "Rasam",
    "ingredients": "Tomato, curry leaves, garlic, mustard seeds, hot water",
    "diet": "vegetarian",
    "prep_time": 10,
    "cook_time": 35,
    "flavor_profile": "spicy",
    "course": "main course",
    "state": -1,
    "region": "South"
  },
  {
    "name": "Puttu",
    "ingredients": "Brown rice flour, sugar, grated coconut",
    "diet": "vegetarian",
    "prep_time": 495,
    "cook_time": 40,
    "flavor_profile": -1,
    "course": "main course",
    "state": "Kerala",
    "region": "South"
  },
  {
    "name": "Sambar",
    "ingredients": "Pigeon peas, eggplant, drumsticks, sambar powder, tamarind",
    "diet": "vegetarian",
    "prep_time": 20,
    "cook_time": 45,
    "flavor_profile": "spicy",
    "course": "main course",
    "state": -1,
    "region": "South"
  },
  {
    "name": "Sandige",
    "ingredients": "Thin rice flakes, black sesame seeds, curry leaves",
    "diet": "vegetarian",
    "prep_time": 120,
    "cook_time": 60,
    "flavor_profile": -1,
    "course": "main course",
    "state": "Karnataka",
    "region": "South"
  },
  {
    "name": "Sevai",
    "ingredients": "Sevai, parboiled rice, steamer",
    "diet": "vegetarian",
    "prep_time": 120,
    "cook_time": 30,
    "flavor_profile": -1,
    "course": "main course",
    "state": -1,
    "region": "South"
  },
  {
    "name": "Thayir sadam",
    "ingredients": "Urad dal, curd, sesame oil, ginger, curry leaves, mustard seeds",
    "diet": "vegetarian",
    "prep_time": 10,
    "cook_time": 20,
    "flavor_profile": -1,
    "course": "main course",
    "state": "Tamil Nadu",
    "region": "South"
  },
  {
    "name": "Theeyal",
    "ingredients": "Coconut, whole red beans, masala, sesame oil, tamarind",
    "diet": "vegetarian",
    "prep_time": 15,
    "cook_time": 20,
    "flavor_profile": -1,
    "course": "main course",
    "state": "Kerala",
    "region": "South"
  },
  {
    "name": "Uttapam",
    "ingredients": "Chana dal, urad dal, thick poha, tomato, butter",
    "diet": "vegetarian",
    "prep_time": 10,
    "cook_time": 20,
    "flavor_profile": "spicy",
    "course": "snack",
    "state": -1,
    "region": "South"
  },
  {
    "name": "Vada",
    "ingredients": "Urad dal, ginger, curry leaves, green chilies, black pepper",
    "diet": "vegetarian",
    "prep_time": 15,
    "cook_time": 20,
    "flavor_profile": "spicy",
    "course": "snack",
    "state": -1,
    "region": "South"
  },
  {
    "name": "Chicken Varuval",
    "ingredients": "Meat curry powder, chicken chunks, ginger, tomato, cinnamon",
    "diet": "non vegetarian",
    "prep_time": 10,
    "cook_time": 35,
    "flavor_profile": "spicy",
    "course": "main course",
    "state": "Tamil Nadu",
    "region": "South"
  },
  {
    "name": "Upma",
    "ingredients": "Chana dal, urad dal, ginger, curry leaves, sugar",
    "diet": "vegetarian",
    "prep_time": 10,
    "cook_time": 20,
    "flavor_profile": "spicy",
    "course": "snack",
    "state": -1,
    "region": -1
  },
  {
    "name": "Amti",
    "ingredients": "Kala masala, arhar dal, curry leaves, mustard seeds, hot water",
    "diet": "vegetarian",
    "prep_time": 10,
    "cook_time": 45,
    "flavor_profile": "spicy",
    "course": "main course",
    "state": "Maharashtra",
    "region": "West"
  },
  {
    "name": "Zunka",
    "ingredients": "Gram flour, mustard, garlic, turmeric, red chilli",
    "diet": "vegetarian",
    "prep_time": 10,
    "cook_time": 25,
    "flavor_profile": "spicy",
    "course": "main course",
    "state": "Maharashtra",
    "region": "West"
  },
  {
    "name": "Kolim Jawla",
    "ingredients": "Baingan, fish, coconut oil, fresh coconut, ginger",
    "diet": "non vegetarian",
    "prep_time": -1,
    "cook_time": -1,
    "flavor_profile": "spicy",
    "course": "main course",
    "state": "Maharashtra",
    "region": "West"
  },
  {
    "name": "Saath",
    "ingredients": "Urad dal, potatoes, wheat flour, sooji",
    "diet": "vegetarian",
    "prep_time": 20,
    "cook_time": 40,
    "flavor_profile": "spicy",
    "course": "main course",
    "state": "Gujarat",
    "region": "West"
  },
  {
    "name": "Bajri no rotlo",
    "ingredients": "Wheat flour, pearl millet flour, hot water",
    "diet": "vegetarian",
    "prep_time": 10,
    "cook_time": 10,
    "flavor_profile": "spicy",
    "course": "main course",
    "state": "Gujarat",
    "region": "West"
  },
  {
    "name": "Coconut vadi",
    "ingredients": "Condensed milk, mawa, desiccated coconut, almonds, cashews",
    "diet": "vegetarian",
    "prep_time": 20,
    "cook_time": 30,
    "flavor_profile": "sweet",
    "course": "dessert",
    "state": "Maharashtra",
    "region": "West"
  },
  {
    "name": "Bhakri",
    "ingredients": "Jowar flour, sesame seeds",
    "diet": "vegetarian",
    "prep_time": 20,
    "cook_time": 25,
    "flavor_profile": -1,
    "course": "main course",
    "state": "Maharashtra",
    "region": "West"
  },
  {
    "name": "Bombil fry",
    "ingredients": "Bombay duck, malvani masala, rice flour, bombay rava, green chilies",
    "diet": "non vegetarian",
    "prep_time": -1,
    "cook_time": -1,
    "flavor_profile": "spicy",
    "course": "main course",
    "state": "Maharashtra",
    "region": "West"
  },
  {
    "name": "Chakali",
    "ingredients": "Rice flour, sesame, plain flour, turmeric, red chilli",
    "diet": "vegetarian",
    "prep_time": 10,
    "cook_time": 40,
    "flavor_profile": "spicy",
    "course": "snack",
    "state": "Maharashtra",
    "region": "West"
  },
  {
    "name": "Chevdo",
    "ingredients": "Citric acid, fry, raisins, sugar, chana daal",
    "diet": "vegetarian",
    "prep_time": 20,
    "cook_time": 30,
    "flavor_profile": "spicy",
    "course": "snack",
    "state": "Gujarat",
    "region": "West"
  },
  {
    "name": "Chorafali",
    "ingredients": "Urad dal, bengal gram flour, dried mango, baking soda, black salt",
    "diet": "vegetarian",
    "prep_time": 5,
    "cook_time": 15,
    "flavor_profile": "spicy",
    "course": "snack",
    "state": "Gujarat",
    "region": "West"
  },
  {
    "name": "Copra paak",
    "ingredients": "Condensed milk, nestle cream, coconut ice, red food coloring, desiccated coconut",
    "diet": "vegetarian",
    "prep_time": 20,
    "cook_time": 30,
    "flavor_profile": -1,
    "course": "main course",
    "state": "Gujarat",
    "region": "West"
  },
  {
    "name": "Daal Dhokli",
    "ingredients": "Whole wheat flour, dal, kokum, gur, bengal gram flour",
    "diet": "vegetarian",
    "prep_time": 20,
    "cook_time": 30,
    "flavor_profile": "spicy",
    "course": "main course",
    "state": "Gujarat",
    "region": "West"
  },
  {
    "name": "Kutchi dabeli",
    "ingredients": "Pav, aloo, peanut, pomegranate, star anise",
    "diet": "vegetarian",
    "prep_time": 30,
    "cook_time": 10,
    "flavor_profile": "spicy",
    "course": "snack",
    "state": "Gujarat",
    "region": "West"
  },
  {
    "name": "Dahi vada",
    "ingredients": "Urad dal, bhuna chana, garam masala, dates, tamarind",
    "diet": "vegetarian",
    "prep_time": 30,
    "cook_time": 30,
    "flavor_profile": -1,
    "course": "snack",
    "state": "Maharashtra",
    "region": "West"
  },
  {
    "name": "Dalithoy",
    "ingredients": "Arhar dal, coconut oil, curry leaves, mustard seeds, red chilli",
    "diet": "vegetarian",
    "prep_time": 5,
    "cook_time": 20,
    "flavor_profile": -1,
    "course": "main course",
    "state": "Maharashtra",
    "region": "West"
  },
  {
    "name": "Dhokla",
    "ingredients": "Rava, coconut, gram flour, mustard, sesame",
    "diet": "vegetarian",
    "prep_time": 10,
    "cook_time": 20,
    "flavor_profile": "spicy",
    "course": "snack",
    "state": "Gujarat",
    "region": "West"
  },
  {
    "name": "Dudhi halwa",
    "ingredients": "Bottle gourd, green, raisins, sugar, clarified butter",
    "diet": "vegetarian",
    "prep_time": 15,
    "cook_time": 30,
    "flavor_profile": "sweet",
    "course": "dessert",
    "state": "Gujarat",
    "region": "West"
  },
  {
    "name": "Gatta curry",
    "ingredients": "Yogurt, besan, sauce, garam masala powder, gram flour",
    "diet": "vegetarian",
    "prep_time": 10,
    "cook_time": 20,
    "flavor_profile": "spicy",
    "course": "main course",
    "state": "Rajasthan",
    "region": "West"
  },
  {
    "name": "Gud papdi",
    "ingredients": "Wheat flour, jaggery, clarified butter, sliced almonds",
    "diet": "vegetarian",
    "prep_time": 10,
    "cook_time": 20,
    "flavor_profile": "sweet",
    "course": "dessert",
    "state": "Gujarat",
    "region": "West"
  },
  {
    "name": "Ghooghra",
    "ingredients": "Dry fruits, semolina, all purpose flour",
    "diet": "vegetarian",
    "prep_time": -1,
    "cook_time": -1,
    "flavor_profile": "spicy",
    "course": "snack",
    "state": "Gujarat",
    "region": "West"
  },
  {
    "name": "Handwo",
    "ingredients": "Bottle gourd, chana dal, cabbage, urad dal, toor dal",
    "diet": "vegetarian",
    "prep_time": 20,
    "cook_time": 30,
    "flavor_profile": "spicy",
    "course": "snack",
    "state": "Gujarat",
    "region": "West"
  },
  {
    "name": "Halvasan",
    "ingredients": "Whole wheat rava, chia seed, lemon, edible gum, litre milk",
    "diet": "vegetarian",
    "prep_time": -1,
    "cook_time": -1,
    "flavor_profile": "sweet",
    "course": "dessert",
    "state": "Gujarat",
    "region": "West"
  },
  {
    "name": "Jeera Aloo",
    "ingredients": "Green chilies, lemon juice, chili powder, boiled potatoes",
    "diet": "vegetarian",
    "prep_time": 10,
    "cook_time": 30,
    "flavor_profile": "spicy",
    "course": "main course",
    "state": "Gujarat",
    "region": "West"
  },
  {
    "name": "Kansar",
    "ingredients": "Wheat flour, cashews, rapeseed oil",
    "diet": "vegetarian",
    "prep_time": 10,
    "cook_time": 40,
    "flavor_profile": -1,
    "course": "main course",
    "state": "Gujarat",
    "region": "West"
  },
  {
    "name": "Keri no ras",
    "ingredients": "Mango, sugar",
    "diet": "vegetarian",
    "prep_time": 10,
    "cook_time": 10,
    "flavor_profile": "sour",
    "course": "main course",
    "state": "Gujarat",
    "region": "West"
  },
  {
    "name": "Khakhra",
    "ingredients": "Whole wheat flour, low fat, bengal gram flour",
    "diet": "vegetarian",
    "prep_time": 20,
    "cook_time": 40,
    "flavor_profile": "spicy",
    "course": "snack",
    "state": "Gujarat",
    "region": "West"
  },
  {
    "name": "Khandvi",
    "ingredients": "Green chili paste, white sesame seeds, gram flour, curry leaves, green chili",
    "diet": "vegetarian",
    "prep_time": 20,
    "cook_time": 45,
    "flavor_profile": "spicy",
    "course": "snack",
    "state": "Gujarat",
    "region": "West"
  },
  {
    "name": "Kombdi vade",
    "ingredients": "Rice flour, urad dal, wheat flour, gram flour, turmeric",
    "diet": "vegetarian",
    "prep_time": 10,
    "cook_time": 25,
    "flavor_profile": "spicy",
    "course": "snack",
    "state": "Maharashtra",
    "region": "West"
  },
  {
    "name": "Laapsi",
    "ingredients": "Cinnamon, jaggery, clarified butter, dry roasted",
    "diet": "vegetarian",
    "prep_time": 10,
    "cook_time": 40,
    "flavor_profile": "spicy",
    "course": "main course",
    "state": "Madhya Pradesh",
    "region": "Central"
  },
  {
    "name": "Koshimbir",
    "ingredients": "Cucumber, carrot, tomatoes, cilantro",
    "diet": "vegetarian",
    "prep_time": 10,
    "cook_time": 10,
    "flavor_profile": "spicy",
    "course": "main course",
    "state": "Maharashtra",
    "region": "West"
  },
  {
    "name": "Methi na Gota",
    "ingredients": "Rava, gram flour, lemon juice, turmeric, fenugreek leaves",
    "diet": "vegetarian",
    "prep_time": 15,
    "cook_time": 30,
    "flavor_profile": "bitter",
    "course": "main course",
    "state": "Gujarat",
    "region": "West"
  },
  {
    "name": "Mohanthal",
    "ingredients": "Rose water, pistachio, badam, bengal gram flour, saffron",
    "diet": "vegetarian",
    "prep_time": 5,
    "cook_time": 45,
    "flavor_profile": "sweet",
    "course": "dessert",
    "state": "Gujarat",
    "region": "West"
  },
  {
    "name": "Muthiya",
    "ingredients": "Bottle gourd, whole wheat flour, rava, sesame seeds, bengal gram flour",
    "diet": "vegetarian",
    "prep_time": 15,
    "cook_time": 30,
    "flavor_profile": "bitter",
    "course": "snack",
    "state": "Gujarat",
    "region": "West"
  },
  {
    "name": "Patra",
    "ingredients": "Arbi ke patte, sesame seeds, gur, bengal gram flour, imli",
    "diet": "vegetarian",
    "prep_time": 10,
    "cook_time": 40,
    "flavor_profile": "spicy",
    "course": "snack",
    "state": "Gujarat",
    "region": "West"
  },
  {
    "name": "Pav Bhaji",
    "ingredients": "Pav bhaji masala, gobi, potatoes, green peas, dinner rolls",
    "diet": "vegetarian",
    "prep_time": 20,
    "cook_time": 40,
    "flavor_profile": "spicy",
    "course": "main course",
    "state": "Maharashtra",
    "region": "West"
  },
  {
    "name": "Puri Bhaji",
    "ingredients": "Aloo, urad dal, mustard, ginger, curry leaves",
    "diet": "vegetarian",
    "prep_time": 10,
    "cook_time": 30,
    "flavor_profile": "spicy",
    "course": "main course",
    "state": "Maharashtra",
    "region": "West"
  },
  {
    "name": "Sabudana Khichadi",
    "ingredients": "Raw peanuts, sabudana, lemon, avocado oil, curry leaves, green chili",
    "diet": "vegetarian",
    "prep_time": 70,
    "cook_time": 30,
    "flavor_profile": "spicy",
    "course": "snack",
    "state": "Maharashtra",
    "region": "West"
  },
  {
    "name": "Sev khamani",
    "ingredients": "Khaman, pomegranate, sev, powdered sugar, garlic",
    "diet": "vegetarian",
    "prep_time": 20,
    "cook_time": 30,
    "flavor_profile": "spicy",
    "course": "main course",
    "state": "Gujarat",
    "region": "West"
  },
  {
    "name": "Sev tameta",
    "ingredients": "Sev, ginger, tomato, sugar",
    "diet": "vegetarian",
    "prep_time": 20,
    "cook_time": 30,
    "flavor_profile": "spicy",
    "course": "main course",
    "state": "Gujarat",
    "region": "West"
  },
  {
    "name": "Namakpara",
    "ingredients": "Wheat flour, baking soda, all purpose flour, black pepper, sunflower oil",
    "diet": "vegetarian",
    "prep_time": 10,
    "cook_time": 35,
    "flavor_profile": "spicy",
    "course": "snack",
    "state": "Gujarat",
    "region": "West"
  },
  {
    "name": "Sukhdi",
    "ingredients": "Whole wheat flour, gur, clarified butter",
    "diet": "vegetarian",
    "prep_time": 10,
    "cook_time": 20,
    "flavor_profile": "sweet",
    "course": "dessert",
    "state": "Maharashtra",
    "region": "West"
  },
  {
    "name": "Surnoli",
    "ingredients": "Rice flakes, yogurt, raw rice, jaggery, grated coconut",
    "diet": "vegetarian",
    "prep_time": 60,
    "cook_time": 10,
    "flavor_profile": "spicy",
    "course": "snack",
    "state": "Maharashtra",
    "region": "West"
  },
  {
    "name": "Thalipeeth",
    "ingredients": "Whole wheat flour, rice flour, pearl millet flour, sorghum flour, sesame seeds",
    "diet": "vegetarian",
    "prep_time": 25,
    "cook_time": 30,
    "flavor_profile": "spicy",
    "course": "main course",
    "state": "Maharashtra",
    "region": "West"
  },
  {
    "name": "Undhiyu",
    "ingredients": "Sweet potato, surti papdi, baby potatoes, valor papdi, green peas",
    "diet": "vegetarian",
    "prep_time": 25,
    "cook_time": 60,
    "flavor_profile": "spicy",
    "course": "main course",
    "state": "Gujarat",
    "region": "West"
  },
  {
    "name": "Veg Kolhapuri",
    "ingredients": "Gobi, potato, beans, khus khus, coconut",
    "diet": "vegetarian",
    "prep_time": 20,
    "cook_time": 30,
    "flavor_profile": "spicy",
    "course": "main course",
    "state": "Maharashtra",
    "region": "West"
  },
  {
    "name": "Vindaloo",
    "ingredients": "Chicken, coconut oil, wine vinegar, ginger, green, cinnamon",
    "diet": "non vegetarian",
    "prep_time": 10,
    "cook_time": 40,
    "flavor_profile": "spicy",
    "course": "main course",
    "state": "Goa",
    "region": "West"
  },
  {
    "name": "Lilva Kachori",
    "ingredients": "Green garlic chutney, fresh green peas, ginger, lemon juice, plain flour",
    "diet": "vegetarian",
    "prep_time": 30,
    "cook_time": 6,
    "flavor_profile": "spicy",
    "course": "snack",
    "state": "Gujarat",
    "region": "West"
  },
  {
    "name": "Mag Dhokli",
    "ingredients": "Moong beans, jaggery, red chillies, oil, salt",
    "diet": "vegetarian",
    "prep_time": -1,
    "cook_time": -1,
    "flavor_profile": "spicy",
    "course": "snack",
    "state": "Gujarat",
    "region": "West"
  },
  {
    "name": "Khichu",
    "ingredients": "Rice flour, sesame seeds, baking soda, peanut oil",
    "diet": "vegetarian",
    "prep_time": 5,
    "cook_time": 10,
    "flavor_profile": "spicy",
    "course": "snack",
    "state": "Gujarat",
    "region": "West"
  },
  {
    "name": "Thepla",
    "ingredients": "Chickpea flour, methi leaves, jowar flour, wheat flour",
    "diet": "vegetarian",
    "prep_time": 15,
    "cook_time": 30,
    "flavor_profile": "spicy",
    "course": "snack",
    "state": "Gujarat",
    "region": "West"
  },
  {
    "name": "Farsi Puri",
    "ingredients": "Semolina, clarified butter, oil, white flour, black pepper",
    "diet": "vegetarian",
    "prep_time": -1,
    "cook_time": -1,
    "flavor_profile": -1,
    "course": "snack",
    "state": "Gujarat",
    "region": "West"
  },
  {
    "name": "Khaman",
    "ingredients": "Yogurt, fresh coconut, sesame seeds, semolina, gram flour",
    "diet": "vegetarian",
    "prep_time": 10,
    "cook_time": 20,
    "flavor_profile": "spicy",
    "course": "snack",
    "state": "Gujarat",
    "region": "West"
  },
  {
    "name": "Turiya Patra Vatana sabji",
    "ingredients": "Ridge gourd, baking soda, sugar, grated coconut, peas",
    "diet": "vegetarian",
    "prep_time": 35,
    "cook_time": 40,
    "flavor_profile": "spicy",
    "course": "main course",
    "state": "Gujarat",
    "region": "West"
  },
  {
    "name": "Churma Ladoo",
    "ingredients": "Whole wheat flour, khus khus, sesame seeds, dry coconut, gur",
    "diet": "vegetarian",
    "prep_time": 12,
    "cook_time": 40,
    "flavor_profile": "sweet",
    "course": "dessert",
    "state": "Rajasthan",
    "region": "West"
  },
  {
    "name": "Cheera Doi",
    "ingredients": "Rice, mango, curd",
    "diet": "vegetarian",
    "prep_time": -1,
    "cook_time": -1,
    "flavor_profile": "sweet",
    "course": "dessert",
    "state": "West Bengal",
    "region": "East"
  },
  {
    "name": "Gheela Pitha",
    "ingredients": "Sticky rice, rice flour, jaggery, orange rind",
    "diet": "vegetarian",
    "prep_time": 10,
    "cook_time": 30,
    "flavor_profile": "sweet",
    "course": "dessert",
    "state": "Assam",
    "region": "North East"
  },
  {
    "name": "Khar",
    "ingredients": "Raw papaya, panch phoran masala, nigella seeds, mustard oil, fennel seeds",
    "diet": "vegetarian",
    "prep_time": 10,
    "cook_time": 20,
    "flavor_profile": -1,
    "course": "main course",
    "state": "Assam",
    "region": "North East"
  },
  {
    "name": "Kumol Sawul",
    "ingredients": "Rice, eggs, carrot, beetroot",
    "diet": "non vegetarian",
    "prep_time": -1,
    "cook_time": -1,
    "flavor_profile": "spicy",
    "course": "main course",
    "state": "Assam",
    "region": "North East"
  },
  {
    "name": "Luchi",
    "ingredients": "Maida, vegetable oil",
    "diet": "vegetarian",
    "prep_time": 20,
    "cook_time": 30,
    "flavor_profile": -1,
    "course": "main course",
    "state": "West Bengal",
    "region": "East"
  },
  {
    "name": "Alu Pitika",
    "ingredients": "Potatoes, mustard oil, fish, green chillies",
    "diet": "non vegetarian",
    "prep_time": 5,
    "cook_time": 20,
    "flavor_profile": "spicy",
    "course": "main course",
    "state": "Assam",
    "region": "North East"
  },
  {
    "name": "Masor tenga",
    "ingredients": "Ridge gourd, fish, lemon, tomatoes, mustard oil",
    "diet": "non vegetarian",
    "prep_time": 15,
    "cook_time": 25,
    "flavor_profile": "spicy",
    "course": "main course",
    "state": "Assam",
    "region": "North East"
  },
  {
    "name": "Bengena Pitika",
    "ingredients": "Brinjal, onions, salt, sesame seeds, coriander",
    "diet": "vegetarian",
    "prep_time": -1,
    "cook_time": -1,
    "flavor_profile": -1,
    "course": "main course",
    "state": "Assam",
    "region": "North East"
  },
  {
    "name": "Bilahi Maas",
    "ingredients": "Potatoes, garam masala, tomatoes, mustard oil, bay leaf",
    "diet": "non vegetarian",
    "prep_time": 10,
    "cook_time": 20,
    "flavor_profile": -1,
    "course": "main course",
    "state": "Assam",
    "region": "North East"
  },
  {
    "name": "Black rice",
    "ingredients": "Forbidden black rice, chicken, olive oil, slivered almonds, garlic powder",
    "diet": "non vegetarian",
    "prep_time": -1,
    "cook_time": -1,
    "flavor_profile": -1,
    "course": "main course",
    "state": "Manipur",
    "region": "North East"
  },
  {
    "name": "Bora Sawul",
    "ingredients": "Biryani masala, mixed vegetables, yellow moong daal, whole red, mustard seeds",
    "diet": "vegetarian",
    "prep_time": -1,
    "cook_time": -1,
    "flavor_profile": "spicy",
    "course": "main course",
    "state": "Assam",
    "region": "North East"
  },
  {
    "name": "Brown Rice",
    "ingredients": "Brown rice, soy sauce, olive oil",
    "diet": "vegetarian",
    "prep_time": 15,
    "cook_time": 25,
    "flavor_profile": -1,
    "course": "main course",
    "state": -1,
    "region": -1
  },
  {
    "name": "Chingri malai curry",
    "ingredients": "Coconut milk, lobster, fresh green chilli, ginger, red onion",
    "diet": "non vegetarian",
    "prep_time": 10,
    "cook_time": 40,
    "flavor_profile": "spicy",
    "course": "main course",
    "state": "West Bengal",
    "region": "East"
  },
  {
    "name": "Goja",
    "ingredients": "Baking soda, clarified butter, oil, all purpose flour",
    "diet": "vegetarian",
    "prep_time": 20,
    "cook_time": 60,
    "flavor_profile": "sweet",
    "course": "dessert",
    "state": "West Bengal",
    "region": "East"
  },
  {
    "name": "Hando Guri",
    "ingredients": "Jaggery, raisins",
    "diet": "vegetarian",
    "prep_time": -1,
    "cook_time": -1,
    "flavor_profile": "sweet",
    "course": "dessert",
    "state": "Assam",
    "region": "North East"
  },
  {
    "name": "Haq Maas",
    "ingredients": "Lamb, garam masala powder, curd, turmeric, bay leaf",
    "diet": "non vegetarian",
    "prep_time": 20,
    "cook_time": 40,
    "flavor_profile": "spicy",
    "course": "main course",
    "state": "Assam",
    "region": "North East"
  },
  {
    "name": "Chingri Bhape",
    "ingredients": "Coconut, prawns, curd, mustard seed, green chili",
    "diet": "non vegetarian",
    "prep_time": 15,
    "cook_time": 30,
    "flavor_profile": -1,
    "course": "main course",
    "state": "West Bengal",
    "region": "East"
  },
  {
    "name": "Kabiraji",
    "ingredients": "Fish fillet, besan, lemon, mint, ginger",
    "diet": "non vegetarian",
    "prep_time": -1,
    "cook_time": -1,
    "flavor_profile": "spicy",
    "course": "main course",
    "state": "West Bengal",
    "region": "East"
  },
  {
    "name": "Khorisa",
    "ingredients": "Fermented bamboo shoot, potato, ginger, green, mustard oil",
    "diet": "vegetarian",
    "prep_time": -1,
    "cook_time": -1,
    "flavor_profile": "spicy",
    "course": "main course",
    "state": "Assam",
    "region": "North East"
  },
  {
    "name": "Koldil Chicken",
    "ingredients": "Banana flower, chicken, green chili, mustard oil, lemon juice",
    "diet": "non vegetarian",
    "prep_time": -1,
    "cook_time": -1,
    "flavor_profile": "spicy",
    "course": "main course",
    "state": "Assam",
    "region": "North East"
  },
  {
    "name": "Konir Dom",
    "ingredients": "Aloo, tomatoes, mustard oil, bay leaf, cinnamon stick",
    "diet": "non vegetarian",
    "prep_time": -1,
    "cook_time": -1,
    "flavor_profile": "spicy",
    "course": "main course",
    "state": "Assam",
    "region": "North East"
  },
  {
    "name": "Koldil Duck",
    "ingredients": "Rice flour, mutton, banana, gram flour, olive oil, baking powder",
    "diet": "non vegetarian",
    "prep_time": -1,
    "cook_time": -1,
    "flavor_profile": "spicy",
    "course": "main course",
    "state": "Assam",
    "region": "North East"
  },
  {
    "name": "Masor Koni",
    "ingredients": "Fish roe, pumpkin flowers, mustard oil, turmeric, tomato",
    "diet": "non vegetarian",
    "prep_time": -1,
    "cook_time": -1,
    "flavor_profile": "spicy",
    "course": "main course",
    "state": "Assam",
    "region": "North East"
  },
  {
    "name": "Mishti Chholar Dal",
    "ingredients": "Chana dal, fresh coconut, ginger, cinnamon, raisins",
    "diet": "vegetarian",
    "prep_time": 10,
    "cook_time": 30,
    "flavor_profile": "sweet",
    "course": "main course",
    "state": "West Bengal",
    "region": "East"
  },
  {
    "name": "Pakhala",
    "ingredients": "Curd, cooked rice, curry leaves, dry chilli",
    "diet": "vegetarian",
    "prep_time": -1,
    "cook_time": -1,
    "flavor_profile": -1,
    "course": "main course",
    "state": "Odisha",
    "region": "East"
  },
  {
    "name": "Pani Pitha",
    "ingredients": "Tea leaves, white sesame seeds, dry coconut, soaked rice",
    "diet": "vegetarian",
    "prep_time": 10,
    "cook_time": 20,
    "flavor_profile": -1,
    "course": "main course",
    "state": "Assam",
    "region": "North East"
  },
  {
    "name": "Payokh",
    "ingredients": "Basmati rice, rose water, sugar, clarified butter, cardamom pods",
    "diet": "vegetarian",
    "prep_time": -1,
    "cook_time": -1,
    "flavor_profile": "sweet",
    "course": "dessert",
    "state": "Assam",
    "region": "North East"
  },
  {
    "name": "Prawn malai curry",
    "ingredients": "Coconut milk, prawns, garlic, turmeric, sugar",
    "diet": "non vegetarian",
    "prep_time": 15,
    "cook_time": 50,
    "flavor_profile": "spicy",
    "course": "main course",
    "state": "West Bengal",
    "region": "East"
  },
  {
    "name": "Red Rice",
    "ingredients": "Red pepper, red onion, butter, watercress, olive oil",
    "diet": "vegetarian",
    "prep_time": -1,
    "cook_time": -1,
    "flavor_profile": -1,
    "course": "main course",
    "state": -1,
    "region": -1
  },
  {
    "name": "Shukto",
    "ingredients": "Green beans, bitter gourd, ridge gourd, banana, brinjal",
    "diet": "vegetarian",
    "prep_time": 10,
    "cook_time": 20,
    "flavor_profile": "spicy",
    "course": "main course",
    "state": "West Bengal",
    "region": "East"
  },
  {
    "name": "Til Pitha",
    "ingredients": "Glutinous rice, black sesame seeds, gur",
    "diet": "vegetarian",
    "prep_time": 5,
    "cook_time": 30,
    "flavor_profile": "sweet",
    "course": "dessert",
    "state": "Assam",
    "region": "North East"
  },
  {
    "name": "Bebinca",
    "ingredients": "Coconut milk, egg yolks, clarified butter, all purpose flour",
    "diet": "vegetarian",
    "prep_time": 20,
    "cook_time": 60,
    "flavor_profile": "sweet",
    "course": "dessert",
    "state": "Goa",
    "region": "West"
  },
  {
    "name": "Shufta",
    "ingredients": "Cottage cheese, dry dates, dried rose petals, pistachio, badam",
    "diet": "vegetarian",
    "prep_time": -1,
    "cook_time": -1,
    "flavor_profile": "sweet",
    "course": "dessert",
    "state": "Jammu & Kashmir",
    "region": "North"
  },
  {
    "name": "Mawa Bati",
    "ingredients": "Milk powder, dry fruits, arrowroot powder, all purpose flour",
    "diet": "vegetarian",
    "prep_time": 20,
    "cook_time": 45,
    "flavor_profile": "sweet",
    "course": "dessert",
    "state": "Madhya Pradesh",
    "region": "Central"
  },
  {
    "name": "Pinaca",
    "ingredients": "Brown rice, fennel seeds, grated coconut, black pepper, ginger powder",
    "diet": "vegetarian",
    "prep_time": -1,
    "cook_time": -1,
    "flavor_profile": "sweet",
    "course": "dessert",
    "state": "Goa",
    "region": "West"
  }
]