{
    "Dairy":
    [
        {
            "name": "Butter",
            "image": "https://images.all-free-download.com/images/graphiclarge/cheese_picture_167134.jpg"
        },
        {
            "name": "Butter Milk",
            "image": "https://images.all-free-download.com/images/graphiclarge/glass_of_milk_200243.jpg"
        },
        {
            "name": "Cheese",
            "image": "https://images.all-free-download.com/images/graphiclarge/cheese_grated_discs_218182.jpg"
        },
        {
            "name": "Custard",
            "image": "https://images.all-free-download.com/images/graphiclarge/caramel_custard_pudding_204188.jpg"
        },
        {
            "name": "Egg",
            "image": "https://images.all-free-download.com/images/graphiclarge/eggs_in_a_basket_196117.jpg"
        },
        {
            "name": "Ice Cream",
            "image": "https://images.all-free-download.com/images/graphiclarge/vanilla_cup_cakes_515073.jpg"
        },
        {
            "name": "Milk",
            "image": "https://images.all-free-download.com/images/graphiclarge/into_the_milk_of_instant_highdefinition_picture_165650.jpg"
        },
        {
            "name": "Sour Cream",
            "image": "https://images.all-free-download.com/images/graphiclarge/pudding_with_whipped_cream_207010.jpg"
        },
        {
            "name": "Yoghurt",
            "image": "https://images.all-free-download.com/images/graphiclarge/yoghurt_with_mandarines_518701.jpg"
        }
    ],
    "Vegetables":
    [
        {
            "name": "Avocado",
            "image": "https://cdn.pixabay.com/photo/2018/03/09/08/04/avocado-3210885_960_720.jpg"
        },
        {
            "name": "Basil",
            "image": "https://cdn.pixabay.com/photo/2016/03/10/18/44/top-view-1248955_960_720.jpg"
        },
        {
            "name": "Beans",
            "image": "https://cdn.pixabay.com/photo/2016/03/30/21/59/coffee-beans-1291656_960_720.jpg"
        },
        {
            "name": "Broccoli",
            "image": "https://cdn.pixabay.com/photo/2016/03/05/19/02/broccoli-1238250_960_720.jpg"
        },
        {
            "name": "Cabbage",
            "image": "https://cdn.pixabay.com/photo/2018/10/03/21/57/cabbage-3722498_960_720.jpg"
        },
        {
            "name": "Carrot",
            "image": "https://cdn.pixabay.com/photo/2015/12/08/01/00/carrots-1082251_960_720.jpg"
        },
        {
            "name": "Cauliflower",
            "image": "https://cdn.pixabay.com/photo/2016/06/18/21/56/cauliflower-1465732_960_720.jpg"
        },
        {
            "name": "Celery",
            "image": "https://cdn.pixabay.com/photo/2015/07/31/12/07/soup-greens-869075_960_720.jpg"
        },
        {
            "name": "Coriander",
            "image": "https://cdn.pixabay.com/photo/2016/03/29/01/06/cilantro-1287301_960_720.jpg"
        },
        {
            "name": "Corn",
            "image": "https://cdn.pixabay.com/photo/2016/08/19/16/37/corn-1605664_960_720.jpg"
        },
        {
            "name": "Cucumber",
            "image": "https://cdn.pixabay.com/photo/2020/04/25/09/04/cucumber-5089995_960_720.jpg"
        },
        {
            "name": "Eggplant",
            "image": "https://cdn.pixabay.com/photo/2016/10/01/14/10/eggplant-1707629_960_720.jpg"
        },
        {
            "name": "Garlic",
            "image": "https://cdn.pixabay.com/photo/2018/05/21/21/23/garlic-3419544_960_720.jpg"
        },
        {
            "name": "Ginger",
            "image": "https://cdn.pixabay.com/photo/2016/10/04/12/28/ginger-1714196_960_720.jpg"
        },
        {
            "name": "Lettuce",
            "image": "https://cdn.pixabay.com/photo/2016/10/02/20/02/green-1710328_960_720.jpg"
        },
        {
            "name": "Mint",
            "image": "https://cdn.pixabay.com/photo/2017/07/26/05/43/herb-2540568_960_720.png"
        },
        {
            "name": "Mushroom",
            "image": "https://cdn.pixabay.com/photo/2011/02/06/22/17/nature-4838_960_720.jpg"
        },
        {
            "name": "Olive",
            "image": "https://cdn.pixabay.com/photo/2018/06/10/17/40/olives-3466908_960_720.jpg"
        },
        {
            "name": "Onion",
            "image": "https://cdn.pixabay.com/photo/2016/03/05/19/14/bulb-1238332_960_720.jpg"
        },
        {
            "name": "Oregano",
            "image": "https://cdn.pixabay.com/photo/2017/08/20/19/33/oregano-2662890_960_720.jpg"
        },
        {
            "name": "Pickle",
            "image": "https://cdn.pixabay.com/photo/2016/11/05/09/26/pickles-1799731_960_720.jpg"
        },
        {
            "name": "Potato",
            "image": "https://cdn.pixabay.com/photo/2010/12/13/10/25/potatoes-2795_960_720.jpg"
        },
        {
            "name": "Pumpkin",
            "image": "https://cdn.pixabay.com/photo/2018/08/27/23/30/pumpkin-3636243_960_720.jpg"
        },
        {
            "name": "Seeds",
            "image": "https://cdn.pixabay.com/photo/2016/03/23/15/15/flax-seed-1274944_960_720.jpg"
        },
        {
            "name": "Shallot",
            "image": "https://cdn.pixabay.com/photo/2020/01/31/10/11/snow-4807611_960_720.jpg"
        },
        {
            "name": "Spinch",
            "image": "https://images.all-free-download.com/images/graphiclarge/real_spinach_spinach_vegetables_221918.jpg"
        },
        {
            "name": "Sweet Potato",
            "image": "https://cdn.pixabay.com/photo/2019/03/24/12/58/market-4077575_960_720.jpg"
        },
        {
            "name": "Thyme",
            "image": "https://cdn.pixabay.com/photo/2013/06/01/03/07/thyme-115349_960_720.jpg"
        },
        {
            "name": "Tomato",
            "image": "https://cdn.pixabay.com/photo/2018/07/06/08/49/tomato-3520004_960_720.jpg"
        },
        {
            "name": "Zucchini",
            "image": "https://cdn.pixabay.com/photo/2018/03/09/16/42/zucchini-3211970_960_720.jpg"
        }
    ],
    "Fruits":
    [
        {
            "name": "Apple",
            "image": "https://cdn.pixabay.com/photo/2016/09/29/08/33/apple-1702316_960_720.jpg"
        },
        {
            "name": "Banana",
            "image": "https://cdn.pixabay.com/photo/2018/09/24/20/12/bananas-3700718_960_720.jpg"
        },
        {
            "name": "Blackberries",
            "image": "https://cdn.pixabay.com/photo/2010/12/13/10/05/berry-2275_960_720.jpg"
        },
        {
            "name": "Blueberries",
            "image": "https://cdn.pixabay.com/photo/2016/03/09/09/19/blueberries-1245724_960_720.jpg"
        },
        {
            "name": "Cherries",
            "image": "https://cdn.pixabay.com/photo/2016/06/18/22/36/cherries-1465801_960_720.jpg"
        },
        {
            "name": "Coconut",
            "image": "https://cdn.pixabay.com/photo/2017/08/24/06/29/coconut-2675546_960_720.jpg"
        },
        {
            "name": "Cranberries",
            "image": "https://cdn.pixabay.com/photo/2016/10/24/21/51/cranberry-1767425_960_720.jpg"
        },
        {
            "name": "Grapes",
            "image": "https://cdn.pixabay.com/photo/2014/02/27/17/51/grapes-276070_960_720.jpg"
        },
        {
            "name": "Kiwi",
            "image": "https://cdn.pixabay.com/photo/2016/03/05/23/02/breakfast-1239438_960_720.jpg"
        },
        {
            "name": "Lemon",
            "image": "https://cdn.pixabay.com/photo/2016/01/02/01/49/lemon-1117568_960_720.jpg"
        },
        {
            "name": "Lime",
            "image": "https://cdn.pixabay.com/photo/2016/03/05/22/23/fresh-1239267_960_720.jpg"
        },
        {
            "name": "Mango",
            "image": "https://cdn.pixabay.com/photo/2020/04/29/12/54/mango-5108787_960_720.jpg"
        },
        {
            "name": "Orange",
            "image": "https://cdn.pixabay.com/photo/2012/02/19/18/05/oranges-15046_960_720.jpg"
        },
        {
            "name": "Peach",
            "image": "https://cdn.pixabay.com/photo/2017/08/02/22/46/peach-2573836_960_720.jpg"
        },
        {
            "name": "Pear",
            "image": "https://cdn.pixabay.com/photo/2010/12/13/10/06/food-2280_960_720.jpg"
        },
        {
            "name": "Pineapple",
            "image": "https://cdn.pixabay.com/photo/2014/01/26/18/30/pineapple-252468_960_720.jpg"
        },
        {
            "name": "Raspberries",
            "image": "https://cdn.pixabay.com/photo/2017/10/03/13/25/rasberry-2812469_960_720.jpg"
        },
        {
            "name": "Straberries",
            "image": "https://cdn.pixabay.com/photo/2016/03/05/19/11/berry-1238295_960_720.jpg"
        },
        {
            "name": "Watermelon",
            "image": "https://cdn.pixabay.com/photo/2013/01/08/01/25/watermelon-74342_960_720.jpg"
        }
    ],
    "Baking & Grains":
    [
        {
            "name": "Baking Soda",
            "image": "https://cdn.pixabay.com/photo/2019/02/24/13/52/soda-4017615_960_720.jpg"
        },
        {
            "name": "Batter",
            "image": "https://images.all-free-download.com/images/graphiclarge/preparing_dought_for_cake_200617.jpg"
        },
        {
            "name": "Bread",
            "image": "https://images.all-free-download.com/images/graphiclarge/rye_bread_bread_dark_bread_238225.jpg"
        },
        {
            "name": "Chocolate",
            "image": "https://images.all-free-download.com/images/graphiclarge/chocolate_183785.jpg"
        },
        {
            "name": "Cocoa",
            "image": "https://images.all-free-download.com/images/graphiclarge/cocoa_bean_cocoa_cocoa_fruit_219443.jpg"
        },
        {
            "name": "Dough",
            "image": "https://images.all-free-download.com/images/graphiclarge/dough_grains_ingredients_227433.jpg"
        },
        {
            "name": "Flour",
            "image": "https://images.all-free-download.com/images/graphiclarge/flour_wheat_flour_ground_272864.jpg"
        },
        {
            "name": "Noodles",
            "image": "https://images.all-free-download.com/images/graphiclarge/background_diet_dinner_268980.jpg"
        },
        {
            "name": "Pasta",
            "image": "https://images.all-free-download.com/images/graphiclarge/pasta_552520.jpg"
        },
        {
            "name": "Rice",
            "image": "https://images.all-free-download.com/images/graphiclarge/rice_183388.jpg"
        },
        {
            "name": "Vanilla",
            "image": "https://images.all-free-download.com/images/graphiclarge/vanilla_flower_heliotrope_solstice_228847.jpg"
        },
        {
            "name": "Wheat",
            "image": "https://images.all-free-download.com/images/graphiclarge/wheat_04_hd_picture_169222.jpg"
        },
        {
            "name": "Yeast",
            "image": "https://previews.123rf.com/images/coprid/coprid1402/coprid140200016/25772956-dry-yeast-isolated-on-white.jpg"
        }
    ],
    "Condiments":
    [
        {
            "name": "Barbeque Sauce",
            "image": "https://images.all-free-download.com/images/graphiclarge/jar_of_spaghetti_sauce_186552.jpg"
        },
        {
            "name": "Syrup",
            "image": "https://cdn.pixabay.com/photo/2015/10/26/11/10/honey-1006972_960_720.jpg"
        },
        {
            "name": "Fish Sauce",
            "image": "https://images.all-free-download.com/images/graphiclarge/meat_dumplings_and_sauce_198142.jpg"
        },
        {
            "name": "Honey",
            "image": "https://cdn.pixabay.com/photo/2017/05/11/12/24/dandelion-2304006_960_720.jpg"
        },
        {
            "name": "Mayonnaise",
            "image": "https://cdn.pixabay.com/photo/2012/10/01/18/34/dips-58738_960_720.jpg"
        },
        {
            "name": "Mustard",
            "image": "https://cdn.pixabay.com/photo/2013/12/20/14/01/mustard-231302__340.jpg"
        },
        {
            "name": "Paprika",
            "image": "https://cdn.pixabay.com/photo/2016/08/31/07/42/thanksgiving-1632791_960_720.jpg"
        },
        {
            "name": "Soy Sauce",
            "image": "https://images.all-free-download.com/images/graphiclarge/dips_sauces_food_222934.jpg"
        },
        {
            "name": "Tomato Sause",
            "image": "https://images.all-free-download.com/images/graphiclarge/dips_sauces_food_222934.jpg"
        },
        {
            "name": "Vinegar",
            "image": "https://cdn.pixabay.com/photo/2013/12/27/13/05/vinegar-234340_960_720.jpg"
        }
    ],
    "Meats":
    [
        {
            "name": "Bacon",
            "image": "https://images.all-free-download.com/images/graphiclarge/fried_potatoes_with_bacon_195549.jpg"
        },
        {
            "name": "Beef",
            "image": "https://images.all-free-download.com/images/graphiclarge/a_chunk_of_beef_2_204217.jpg"
        },
        {
            "name": "Chicken",
            "image": "https://images.all-free-download.com/images/graphiclarge/chicken_picture_6_167113.jpg"
        },
        {
            "name": "Ham",
            "image": "https://images.all-free-download.com/images/graphiclarge/ham_meat_food_272009.jpg"
        },
        {
            "name": "Lamb",
            "image": "https://cdn.pixabay.com/photo/2019/07/07/17/02/lamb-4322880_960_720.jpg"
        },
        {
            "name": "Pork",
            "image": "https://images.all-free-download.com/images/graphiclarge/goulash_meat_pork_215979.jpg"
        },
        {
            "name": "Salami",
            "image": "https://images.all-free-download.com/images/graphiclarge/pork_snack_meat_264963.jpg"
        },
        {
            "name": "Sausage",
            "image": "https://images.all-free-download.com/images/graphiclarge/bockwurst_food_dine_227183.jpg"
        },
        {
            "name": "Turkey",
            "image": "https://images.all-free-download.com/images/graphicthumb/goulash_meat_pork_215979.jpg"
        }
    ],
    "Sea Foods":
    [
        {
            "name": "Carp",
            "image": "https://cdn.pixabay.com/photo/2016/04/01/06/28/brocade-carp-1298622_960_720.jpg"
        },
        {
            "name": "Catfish",
            "image": "https://cdn.pixabay.com/photo/2013/02/27/14/34/channel-catfish-86584_960_720.jpg"
        },
        {
            "name": "Crab",
            "image": "https://cdn.pixabay.com/photo/2015/09/21/18/57/crabs-950463_960_720.jpg"
        },
        {
            "name": "Eel",
            "image": "https://images.all-free-download.com/images/graphiclarge/eel_broiled_eel_food_271410.jpg"
        },
        {
            "name": "Lobster",
            "image": "https://images.all-free-download.com/images/graphiclarge/lobster_crawfish_shear_226376.jpg"
        },
        {
            "name": "Mackerel",
            "image": "https://images.all-free-download.com/images/graphiclarge/orchid_mackerel_yellow_225278.jpg"
        },
        {
            "name": "Mussel",
            "image": "https://images.all-free-download.com/images/graphiclarge/background_eat_fish_274365.jpg"
        },
        {
            "name": "Oyster",
            "image": "https://images.all-free-download.com/images/graphiclarge/oysters_picture_167184.jpg"
        },
        {
            "name": "Prawn",
            "image": "https://cdn.pixabay.com/photo/2016/03/05/20/08/asian-1238670_960_720.jpg"
        },
        {
            "name": "Salmon",
            "image": "https://images.all-free-download.com/images/graphiclarge/salmon_appetizer_191470.jpg"
        },
        {
            "name": "Sardine",
            "image": "https://cdn.pixabay.com/photo/2016/06/30/18/54/sardines-1489630_960_720.jpg"
        },
        {
            "name": "Scallop",
            "image": "https://cdn.pixabay.com/photo/2015/12/08/00/43/seafood-1081974_960_720.jpg"
        },
        {
            "name": "Shrimp",
            "image": "https://cdn.pixabay.com/photo/2016/03/05/23/01/prawn-1239427_960_720.jpg"
        },
        {
            "name": "Squid",
            "image": "https://cdn.pixabay.com/photo/2017/09/10/18/34/fish-2736523_960_720.jpg"
        },
        {
            "name": "Trout",
            "image": "https://cdn.pixabay.com/photo/2016/08/25/17/33/saltwater-1620137_960_720.jpg"
        },
        {
            "name": "Tuna",
            "image": "https://cdn.pixabay.com/photo/2012/12/11/11/57/tuna-69317_960_720.jpg"
        }
    ],
    "Liquids":
    [
        {
            "name": "Apple Juice",
            "image": "https://cdn.pixabay.com/photo/2016/08/10/20/09/juice-1584170_960_720.jpg"
        },
        {
            "name": "Beef Soup",
            "image": "https://images.all-free-download.com/images/graphiclarge/eat_pichlsteiner_soup_220218.jpg"
        },
        {
            "name": "Beer",
            "image": "https://images.all-free-download.com/images/graphiclarge/glass_of_beer_183233.jpg"
        },
        {
            "name": "Chicken Soup",
            "image": "https://cdn.pixabay.com/photo/2017/02/01/16/37/chicken-2030706_960_720.jpg"
        },
        {
            "name": "Lamb Soup",
            "image": "https://images.all-free-download.com/images/graphiclarge/pea_soup_food_soup_224711.jpg"
        },
        {
            "name": "Olive Oil",
            "image": "https://cdn.pixabay.com/photo/2015/10/02/15/59/olive-oil-968657_960_720.jpg"
        },
        {
            "name": "Orange Juice",
            "image": "https://cdn.pixabay.com/photo/2012/11/28/09/31/orange-juice-67556_960_720.jpg"
        },
        {
            "name": "Red Wine",
            "image": "https://cdn.pixabay.com/photo/2016/07/26/16/16/wine-1543170_960_720.jpg"
        },
        {
            "name": "Vegetable Oil",
            "image": "https://cdn.pixabay.com/photo/2018/04/17/06/58/olive-oil-3326715_960_720.jpg"
        },
        {
            "name": "White Wine",
            "image": "https://cdn.pixabay.com/photo/2014/02/06/11/47/wine-259858_960_720.jpg"
        }
    ],
    "Nuts":
    [
        {
            "name": "Allspice",
            "image": "https://cdn.pixabay.com/photo/2015/03/23/23/40/allspice-686859_960_720.jpg"
        },
        {
            "name": "Almond",
            "image": "https://cdn.pixabay.com/photo/2020/05/02/08/31/almonds-5120350_960_720.jpg"
        },
        {
            "name": "Cashew",
            "image": "https://cdn.pixabay.com/photo/2015/01/24/18/43/cashew-kernels-610481_960_720.jpg"
        },
        {
            "name": "Macadamia",
            "image": "https://cdn.pixabay.com/photo/2021/03/16/15/20/nuts-6100152_960_720.jpg"
        },
        {
            "name": "Nutmeg",
            "image": "https://cdn.pixabay.com/photo/2014/09/11/11/58/nutmeg-441645_960_720.jpg"
        },
        {
            "name": "Peanut",
            "image": "https://cdn.pixabay.com/photo/2018/11/18/15/08/peanuts-3823362_960_720.jpg"
        },
        {
            "name": "Peanut Butter",
            "image": "https://cdn.pixabay.com/photo/2018/03/11/09/16/peanut-butter-3216263_960_720.jpg"
        },
        {
            "name": "Pecan",
            "image": "https://cdn.pixabay.com/photo/2016/02/22/03/46/pecans-1214697_960_720.jpg"
        },
        {
            "name": "Walnut",
            "image": "https://cdn.pixabay.com/photo/2013/04/07/13/04/walnuts-101462_960_720.jpg"
        }
    ],
    "Thank":
    [
        {
            "name": "You",
            "image": "Akash.jpg"
        }
    ]
}